<?xml version="1.0" ?>
<Neighborhood peakLoad2="38.4">
	<fleet>
		<ecar>
			<name>dev_1</name>
			<id>1</id>
			<type>Prosumer</type>
			<model>947FF82F-F829-4A41-9EA7-8A4A5EAB95C0</model>
			<capacity>18.8</capacity>
			<maxchpowac>7.4</maxchpowac>
			<maxchpowcc>50</maxchpowcc>
			<maxdispowac>7.4</maxdispowac>
			<maxdispowcc>50</maxdispowcc>
			<maxallen>1</maxallen>
			<minallen>1</minallen>
			<sbch>1</sbch>
			<sbdis>1</sbdis>
			<cheff>0.85</cheff>
			<dis_eff>1</dis_eff>
		</ecar>
		<ecar>
			<name>dev_2</name>
			<id>2</id>
			<type>Prosumer</type>
			<model>C469BCD9-5E9F-41AD-A7D5-05BA84AEC58C</model>
			<capacity>24</capacity>
			<maxchpowac>3</maxchpowac>
			<maxchpowcc>3</maxchpowcc>
			<maxdispowac>3</maxdispowac>
			<maxdispowcc>3</maxdispowcc>
			<maxallen>1</maxallen>
			<minallen>1</minallen>
			<sbch>1</sbch>
			<sbdis>1</sbdis>
			<cheff>0.9</cheff>
			<dis_eff>1</dis_eff>
		</ecar>
		<ecar>
			<name>dev_3</name>
			<id>3</id>
			<type>Prosumer</type>
			<model>B41C4F97-EC98-4D29-8995-78076AA08F05</model>
			<capacity>10.5</capacity>
			<maxchpowac>3.3</maxchpowac>
			<maxchpowcc>3.3</maxchpowcc>
			<maxdispowac>3.3</maxdispowac>
			<maxdispowcc>3.3</maxdispowcc>
			<maxallen>1</maxallen>
			<minallen>1</minallen>
			<sbch>1</sbch>
			<sbdis>1</sbdis>
			<cheff>0.95</cheff>
			<dis_eff>1</dis_eff>
		</ecar>
		<ecar>
			<name>dev_4</name>
			<id>4</id>
			<type>Prosumer</type>
			<model>5E3F361B-F66C-4365-88FE-654B6DA75C3A</model>
			<capacity>31.5</capacity>
			<maxchpowac>7.2</maxchpowac>
			<maxchpowcc>40</maxchpowcc>
			<maxdispowac>7.2</maxdispowac>
			<maxdispowcc>40</maxdispowcc>
			<maxallen>1</maxallen>
			<minallen>1</minallen>
			<sbch>1</sbch>
			<sbdis>1</sbdis>
			<cheff>1</cheff>
			<dis_eff>1</dis_eff>
		</ecar>
		<ecar>
			<name>dev_5</name>
			<id>5</id>
			<type>Prosumer</type>
			<model>5A083479-139E-4B2C-B483-0F8EB282AA6A</model>
			<capacity>32.3</capacity>
			<maxchpowac>7.2</maxchpowac>
			<maxchpowcc>40</maxchpowcc>
			<maxdispowac>7.2</maxdispowac>
			<maxdispowcc>40</maxdispowcc>
			<maxallen>1</maxallen>
			<minallen>1</minallen>
			<sbch>1</sbch>
			<sbdis>1</sbdis>
			<cheff>0.82</cheff>
			<dis_eff>1</dis_eff>
		</ecar>
		<ecar>
			<name>dev_6</name>
			<id>6</id>
			<type>Prosumer</type>
			<model>5A083479-139E-4B2C-B483-0F8EB282AA6A</model>
			<capacity>32.3</capacity>
			<maxchpowac>7.2</maxchpowac>
			<maxchpowcc>40</maxchpowcc>
			<maxdispowac>7.2</maxdispowac>
			<maxdispowcc>40</maxdispowcc>
			<maxallen>1</maxallen>
			<minallen>1</minallen>
			<sbch>1</sbch>
			<sbdis>1</sbdis>
			<cheff>0.82</cheff>
			<dis_eff>1</dis_eff>
		</ecar>
		<ecar>
			<name>dev_7</name>
			<id>7</id>
			<type>Prosumer</type>
			<model>5A083479-139E-4B2C-B483-0F8EB282AA6A</model>
			<capacity>32.3</capacity>
			<maxchpowac>7.2</maxchpowac>
			<maxchpowcc>40</maxchpowcc>
			<maxdispowac>7.2</maxdispowac>
			<maxdispowcc>40</maxdispowcc>
			<maxallen>1</maxallen>
			<minallen>1</minallen>
			<sbch>1</sbch>
			<sbdis>1</sbdis>
			<cheff>0.82</cheff>
			<dis_eff>1</dis_eff>
		</ecar>
		<ecar>
			<name>dev_8</name>
			<id>8</id>
			<type>Prosumer</type>
			<model>5A083479-139E-4B2C-B483-0F8EB282AA6A</model>
			<capacity>32.3</capacity>
			<maxchpowac>7.2</maxchpowac>
			<maxchpowcc>40</maxchpowcc>
			<maxdispowac>7.2</maxdispowac>
			<maxdispowcc>40</maxdispowcc>
			<maxallen>1</maxallen>
			<minallen>1</minallen>
			<sbch>1</sbch>
			<sbdis>1</sbdis>
			<cheff>0.82</cheff>
			<dis_eff>1</dis_eff>
		</ecar>
		<ecar>
			<name>dev_9</name>
			<id>9</id>
			<type>Prosumer</type>
			<model>5004DDDE-075F-4E4B-9255-3480012B30D2</model>
			<capacity>86.5</capacity>
			<maxchpowac>11</maxchpowac>
			<maxchpowcc>11</maxchpowcc>
			<maxdispowac>11</maxdispowac>
			<maxdispowcc>11</maxdispowcc>
			<maxallen>1</maxallen>
			<minallen>1</minallen>
			<sbch>1</sbch>
			<sbdis>1</sbdis>
			<cheff>0.9</cheff>
			<dis_eff>1</dis_eff>
		</ecar>
		<ecar>
			<name>dev_10</name>
			<id>10</id>
			<type>Prosumer</type>
			<model>EF3366A4-05EE-4EBA-AE9E-7045A5D501CC</model>
			<capacity>75</capacity>
			<maxchpowac>16.5</maxchpowac>
			<maxchpowcc>17.0</maxchpowcc>
			<maxdispowac>16.5</maxdispowac>
			<maxdispowcc>17.0</maxdispowcc>
			<maxallen>1</maxallen>
			<minallen>1</minallen>
			<sbch>1</sbch>
			<sbdis>1</sbdis>
			<cheff>0.96</cheff>
			<dis_eff>1</dis_eff>
		</ecar>
		<ecar>
			<name>dev_11</name>
			<id>11</id>
			<type>Prosumer</type>
			<model>C469BCD9-5E9F-41AD-A7D5-05BA84AEC58C</model>
			<capacity>24</capacity>
			<maxchpowac>3</maxchpowac>
			<maxchpowcc>3</maxchpowcc>
			<maxdispowac>3</maxdispowac>
			<maxdispowcc>3</maxdispowcc>
			<maxallen>1</maxallen>
			<minallen>1</minallen>
			<sbch>1</sbch>
			<sbdis>1</sbdis>
			<cheff>0.9</cheff>
			<dis_eff>1</dis_eff>
		</ecar>
		<ecar>
			<name>dev_12</name>
			<id>12</id>
			<type>Prosumer</type>
			<model>3070C85F-E082-4972-BDE8-7DF27BB53598</model>
			<capacity>21.4</capacity>
			<maxchpowac>22</maxchpowac>
			<maxchpowcc>22</maxchpowcc>
			<maxdispowac>22</maxdispowac>
			<maxdispowcc>22</maxdispowcc>
			<maxallen>1</maxallen>
			<minallen>1</minallen>
			<sbch>1</sbch>
			<sbdis>1</sbdis>
			<cheff>0.85</cheff>
			<dis_eff>1</dis_eff>
		</ecar>
		<ecar>
			<name>dev_13</name>
			<id>13</id>
			<type>Prosumer</type>
			<model>736D20F1-D137-43BC-B7C3-631DE8254A08</model>
			<capacity>52</capacity>
			<maxchpowac>22</maxchpowac>
			<maxchpowcc>46</maxchpowcc>
			<maxdispowac>22</maxdispowac>
			<maxdispowcc>46</maxdispowcc>
			<maxallen>1</maxallen>
			<minallen>1</minallen>
			<sbch>1</sbch>
			<sbdis>1</sbdis>
			<cheff>1</cheff>
			<dis_eff>1</dis_eff>
		</ecar>
		<ecar>
			<name>dev_14</name>
			<id>14</id>
			<type>Prosumer</type>
			<model>947FF82F-F829-4A41-9EA7-8A4A5EAB95C0</model>
			<capacity>18.8</capacity>
			<maxchpowac>7.4</maxchpowac>
			<maxchpowcc>50</maxchpowcc>
			<maxdispowac>7.4</maxdispowac>
			<maxdispowcc>50</maxdispowcc>
			<maxallen>1</maxallen>
			<minallen>1</minallen>
			<sbch>1</sbch>
			<sbdis>1</sbdis>
			<cheff>0.85</cheff>
			<dis_eff>1</dis_eff>
		</ecar>
		<ecar>
			<name>dev_15</name>
			<id>15</id>
			<type>Prosumer</type>
			<model>C469BCD9-5E9F-41AD-A7D5-05BA84AEC58C</model>
			<capacity>24</capacity>
			<maxchpowac>3</maxchpowac>
			<maxchpowcc>3</maxchpowcc>
			<maxdispowac>3</maxdispowac>
			<maxdispowcc>3</maxdispowcc>
			<maxallen>1</maxallen>
			<minallen>1</minallen>
			<sbch>1</sbch>
			<sbdis>1</sbdis>
			<cheff>0.9</cheff>
			<dis_eff>1</dis_eff>
		</ecar>
		<ecar>
			<name>dev_16</name>
			<id>16</id>
			<type>Prosumer</type>
			<model>5E3F361B-F66C-4365-88FE-654B6DA75C3A</model>
			<capacity>31.5</capacity>
			<maxchpowac>7.2</maxchpowac>
			<maxchpowcc>40</maxchpowcc>
			<maxdispowac>7.2</maxdispowac>
			<maxdispowcc>40</maxdispowcc>
			<maxallen>1</maxallen>
			<minallen>1</minallen>
			<sbch>1</sbch>
			<sbdis>1</sbdis>
			<cheff>1</cheff>
			<dis_eff>1</dis_eff>
		</ecar>
		<ecar>
			<name>dev_17</name>
			<id>17</id>
			<type>Prosumer</type>
			<model>5004DDDE-075F-4E4B-9255-3480012B30D2</model>
			<capacity>86.5</capacity>
			<maxchpowac>11</maxchpowac>
			<maxchpowcc>11</maxchpowcc>
			<maxdispowac>11</maxdispowac>
			<maxdispowcc>11</maxdispowcc>
			<maxallen>1</maxallen>
			<minallen>1</minallen>
			<sbch>1</sbch>
			<sbdis>1</sbdis>
			<cheff>0.9</cheff>
			<dis_eff>1</dis_eff>
		</ecar>
		<ecar>
			<name>dev_18</name>
			<id>18</id>
			<type>Prosumer</type>
			<model>C469BCD9-5E9F-41AD-A7D5-05BA84AEC58C</model>
			<capacity>24</capacity>
			<maxchpowac>3</maxchpowac>
			<maxchpowcc>3</maxchpowcc>
			<maxdispowac>3</maxdispowac>
			<maxdispowcc>3</maxdispowcc>
			<maxallen>1</maxallen>
			<minallen>1</minallen>
			<sbch>1</sbch>
			<sbdis>1</sbdis>
			<cheff>0.9</cheff>
			<dis_eff>1</dis_eff>
		</ecar>
		<ecar>
			<name>dev_19</name>
			<id>19</id>
			<type>Prosumer</type>
			<model>C469BCD9-5E9F-41AD-A7D5-05BA84AEC58C</model>
			<capacity>24</capacity>
			<maxchpowac>3</maxchpowac>
			<maxchpowcc>3</maxchpowcc>
			<maxdispowac>3</maxdispowac>
			<maxdispowcc>3</maxdispowcc>
			<maxallen>1</maxallen>
			<minallen>1</minallen>
			<sbch>1</sbch>
			<sbdis>1</sbdis>
			<cheff>0.9</cheff>
			<dis_eff>1</dis_eff>
		</ecar>
		<ecar>
			<name>dev_20</name>
			<id>20</id>
			<type>Prosumer</type>
			<model>5004DDDE-075F-4E4B-9255-3480012B30D2</model>
			<capacity>86.5</capacity>
			<maxchpowac>11</maxchpowac>
			<maxchpowcc>11</maxchpowcc>
			<maxdispowac>11</maxdispowac>
			<maxdispowcc>11</maxdispowcc>
			<maxallen>1</maxallen>
			<minallen>1</minallen>
			<sbch>1</sbch>
			<sbdis>1</sbdis>
			<cheff>0.9</cheff>
			<dis_eff>1</dis_eff>
		</ecar>
		<ecar>
			<name>dev_21</name>
			<id>21</id>
			<type>Prosumer</type>
			<model>5004DDDE-075F-4E4B-9255-3480012B30D2</model>
			<capacity>86.5</capacity>
			<maxchpowac>11</maxchpowac>
			<maxchpowcc>11</maxchpowcc>
			<maxdispowac>11</maxdispowac>
			<maxdispowcc>11</maxdispowcc>
			<maxallen>1</maxallen>
			<minallen>1</minallen>
			<sbch>1</sbch>
			<sbdis>1</sbdis>
			<cheff>0.9</cheff>
			<dis_eff>1</dis_eff>
		</ecar>
		<ecar>
			<name>dev_22</name>
			<id>22</id>
			<type>Prosumer</type>
			<model>C469BCD9-5E9F-41AD-A7D5-05BA84AEC58C</model>
			<capacity>24</capacity>
			<maxchpowac>3</maxchpowac>
			<maxchpowcc>3</maxchpowcc>
			<maxdispowac>3</maxdispowac>
			<maxdispowcc>3</maxdispowcc>
			<maxallen>1</maxallen>
			<minallen>1</minallen>
			<sbch>1</sbch>
			<sbdis>1</sbdis>
			<cheff>0.9</cheff>
			<dis_eff>1</dis_eff>
		</ecar>
	</fleet>
	<chargingStation id="1" peakLoad="22" code="P2D1L3">
		<user id="0">
			<device>
				<name>pv_5</name>
				<id>5</id>
				<type>Producer</type>
			</device>
			<battery>
				<name>dev_1</name>
				<id>1</id>
				<type>Prosumer</type>
				<model>72528559-B5F2-491B-AAF1-9E71CE0040C5</model>
				<capacity>27</capacity>
				<maxchpowac>12</maxchpowac>
				<maxdispow>12</maxdispow>
				<maxchpowcc>12</maxchpowcc>
				<maxdischpowcc>12</maxdischpowcc>
                                <maxallen>1</maxallen>

				<minallen>1</minallen>
				<sbch>1</sbch>
				<sbdis>1</sbdis>
				<cheff>0.95</cheff>
				<dis_eff>0.95</dis_eff>
			</battery>
			<battery>
				<name>dev_2</name>
				<id>2</id>
				<type>Prosumer</type>
				<model>72528559-B5F2-491B-AAF1-9E71CE0040C5</model>
				<capacity>27</capacity>
				<maxchpowac>12</maxchpowac>
				<maxdispow>12</maxdispow>
				<maxchpowcc>12</maxchpowcc>
				<maxallen>1</maxallen>
                                <maxdischpowcc>12</maxdischpowcc>
				<minallen>1</minallen>
				<sbch>1</sbch>
				<sbdis>1</sbdis>
				<cheff>0.95</cheff>
				<dis_eff>0.95</dis_eff>
			</battery>
			<battery>
				<name>dev_3</name>
				<id>3</id>
				<type>Prosumer</type>
				<model>72528559-B5F2-491B-AAF1-9E71CE0040C5</model>
				<capacity>27</capacity>
				<maxchpowac>12</maxchpowac>
				<maxdispow>12</maxdispow>
				<maxchpowcc>12</maxchpowcc>
				<maxdischpowcc>12</maxdischpowcc>
				<maxallen>1</maxallen>
                                <minallen>1</minallen>
				<sbch>1</sbch>
				<sbdis>1</sbdis>
				<cheff>0.95</cheff>
				<dis_eff>0.95</dis_eff>
			</battery>
			<battery>
				<name>dev_4</name>
				<id>4</id>
				<type>Prosumer</type>
				<model>72528559-B5F2-491B-AAF1-9E71CE0040C5</model>
				<capacity>27</capacity>
				<maxchpowac>12</maxchpowac>
				<maxdispow>12</maxdispow>
				<maxchpowcc>12</maxchpowcc>
				<maxdischpowcc>12</maxdischpowcc>
				<maxallen>1</maxallen>
                                <minallen>1</minallen>
				<sbch>1</sbch>
				<sbdis>1</sbdis>
				<cheff>0.95</cheff>
				<dis_eff>0.95</dis_eff>
			</battery>
		</user>
	</chargingStation>
	<chargingStation id="2" peakLoad="10" code="P1D3L6">
		<user id="0">
			<heatercooler>
				<name>hc_1</name>
				<id>1</id>
				<type>NS-Consumer</type>
			</heatercooler>
			<heatercooler>
				<name>hc_2</name>
				<id>2</id>
				<type>NS-Consumer</type>
			</heatercooler>
			<heatercooler>
				<name>hc_3</name>
				<id>3</id>
				<type>NS-Consumer</type>
			</heatercooler>
		</user>
	</chargingStation>
</Neighborhood>
